•ÈÀSeries Name,Series Code,Country Name,Country Code,1990 [YR1990],2000 [YR2000],2006 [YR2006],2007 [YR2007],2008 [YR2008],2009 [YR2009],2010 [YR2010],2011 [YR2011],2012 [YR2012],2013 [YR2013],2014 [YR2014],2015 [YR2015],School enrollment
"Government expenditure on education, total (% of GDP)",SE.XPD.TOTL.GD.ZS,Afghanistan,AFG,..,..,..,..,..,..,4.511159897,4.087910175,3.125610113,4.577469826,..,..,36.92462921
"Government expenditure on education, total (% of GDP)",SE.XPD.TOTL.GD.ZS,Albania,ALB,..,3.23822999,3.108819962,3.268680096,..,..,..,..,..,..,..,..,#DIV/0!
"Government expenditure on education, total (% of GDP)",SE.XPD.TOTL.GD.ZS,Algeria,DZA,..,..,..,..,4.33701992,..,..,..,..,..,..,..,#DIV/0!
"Government expenditure on education, total (% of GDP)",SE.XPD.TOTL.GD.ZS,American Samoa,ASM,..,..,..,..,..,..,..,..,..,..,..,..,#DIV/0!
"Government expenditure on education, total (% of GDP)",SE.XPD.TOTL.GD.ZS,Andorra,ADO,..,..,2.747989893,2.56317997,3.163290024,3.163870096,3.065799952,3.158890009,..,2.462579966,..,..,#DIV/0!
"Government expenditure on education, total (% of GDP)",SE.XPD.TOTL.GD.ZS,Angola,AGO,..,2.607530117,2.859689951,..,..,..,3.476439953,..,..,..,..,..,11.98208332
"Government expenditure on education, total (% of GDP)",SE.XPD.TOTL.GD.ZS,Antigua and Barbuda,ATG,..,..,..,..,..,2.554470062,..,..,..,..,..,..,87.6616389
"Government expenditure on education, total (% of GDP)",SE.XPD.TOTL.GD.ZS,Argentina,ARG,1.06738,4.580309868,3.654989958,3.896349907,4.337820053,4.889999866,4.607769966,5.005290031,5.137589931,..,..,..,84.99783516
"Government expenditure on education, total (% of GDP)",SE.XPD.TOTL.GD.ZS,Armenia,ARM,..,2.772730112,2.715770006,3.018939972,3.172729969,3.840790033,3.249000072,3.143850088,3.275239944,2.250149965,..,..,87.79139137
"Government expenditure on education, total (% of GDP)",SE.XPD.TOTL.GD.ZS,Aruba,ABW,..,4.714680195,..,4.799180031,4.915589809,5.924670219,6.712490082,6.036870003,..,..,..,..,77.41251183
"Government expenditure on education, total (% of GDP)",SE.XPD.TOTL.GD.ZS,Australia,AUS,4.67311,4.894249916,4.742879868,4.659019947,4.63338995,5.094200134,5.573550224,5.106080055,4.906410217,..,..,..,84.79172516
"Government expenditure on education, total (% of GDP)",SE.XPD.TOTL.GD.ZS,Austria,AUT,4.96922,5.599559784,5.252930164,5.17663002,5.296979904,5.767399788,5.733200073,5.618609905,..,..,..,..,#DIV/0!
"Government expenditure on education, total (% of GDP)",SE.XPD.TOTL.GD.ZS,Azerbaijan,AZE,..,3.853990078,2.555510044,2.549279928,2.44092989,3.224309921,2.780620098,2.435640097,..,..,..,..,86.31613159
"Government expenditure on education, total (% of GDP)",SE.XPD.TOTL.GD.ZS,"Bahamas, The",BHS,..,2.849989891,..,..,..,..,..,..,..,..,..,..,85.24719238
"Government expenditure on education, total (% of GDP)",SE.XPD.TOTL.GD.ZS,Bahrain,BHR,..,..,2.874360085,2.575000048,2.496779919,..,..,..,2.64470005,..,..,..,88.31691742
"Government expenditure on education, total (% of GDP)",SE.XPD.TOTL.GD.ZS,Bangladesh,BGD,1.57591,2.384419918,2.455359936,2.202219963,2.05456996,1.939419985,..,..,..,..,..,..,45.10463397
"Government expenditure on education, total (% of GDP)",SE.XPD.TOTL.GD.ZS,Barbados,BRB,..,4.621590137,..,5.103559971,5.097929955,5.390429974,5.886779785,..,5.610380173,..,..,..,87.17183685
"Government expenditure on education, total (% of GDP)",SE.XPD.TOTL.GD.ZS,Belarus,BLR,..,6.196619987,6.076960087,5.152100086,..,4.516719818,5.410130024,4.843820095,5.121059895,5.276130199,..,..,95.12525177
"Government expenditure on education, total (% of GDP)",SE.XPD.TOTL.GD.ZS,Belgium,BEL,..,..,5.82776022,5.842999935,6.27368021,6.398449898,6.396669865,6.363890171,..,..,..,..,96.35221863
"Government expenditure on education, total (% of GDP)",SE.XPD.TOTL.GD.ZS,Belize,BLZ,..,5.029280186,..,..,5.687890053,6.100140095,6.620999813,..,..,..,..,..,69.33437157
"Government expenditure on education, total (% of GDP)",SE.XPD.TOTL.GD.ZS,Benin,BEN,..,3.145910025,3.828880072,3.497980118,4.08137989,4.550799847,5.342380047,..,5.261429787,5.01267004,..,..,42.0298996
"Government expenditure on education, total (% of GDP)",SE.XPD.TOTL.GD.ZS,Bermuda,BMU,3.1362,..,..,..,..,2.615190029,2.6442101,..,..,..,1.782850027,..,66.20441246
"Government expenditure on education, total (% of GDP)",SE.XPD.TOTL.GD.ZS,Bhutan,BTN,..,5.513790131,..,..,4.797500134,4.626719952,4.024469852,4.652579784,..,5.589660168,..,..,50.43896539
"Government expenditure on education, total (% of GDP)",SE.XPD.TOTL.GD.ZS,Bolivia,BOL,..,5.473420143,6.313610077,..,7.039730072,8.081199646,7.600110054,6.892640114,6.436910152,..,..,..,68.68879223
"Government expenditure on education, total (% of GDP)",SE.XPD.TOTL.GD.ZS,Bosnia and Herzegovina,BIH,..,..,..,..,..,..,..,..,..,..,..,..,#DIV/0!
"Government expenditure on education, total (% of GDP)",SE.XPD.TOTL.GD.ZS,Botswana,BWA,5.73963,..,..,8.851490021,..,9.487380028,..,..,..,..,..,..,59.3559494
"Government expenditure on education, total (% of GDP)",SE.XPD.TOTL.GD.ZS,Brazil,BRA,..,4.014579773,4.952750206,5.084390163,5.403679848,5.621469975,5.822249889,6.060579777,6.346570015,..,..,..,#DIV/0!
"Government expenditure on education, total (% of GDP)",SE.XPD.TOTL.GD.ZS,Brunei Darussalam,BRN,3.95996,3.705909967,..,..,..,..,2.046610117,3.681080103,3.207040071,..,3.765949965,..,90.57960292
"Government expenditure on education, total (% of GDP)",SE.XPD.TOTL.GD.ZS,Bulgaria,BGR,4.45406,..,3.988169909,3.747400045,4.311279774,4.432960033,4.017539978,3.668669939,..,..,..,..,85.59193134
"Government expenditure on education, total (% of GDP)",SE.XPD.TOTL.GD.ZS,Burkina Faso,BFA,..,..,4.457029819,4.599070072,..,..,3.933389902,4.470129967,3.897900105,4.25951004,..,..,16.50771117
"Government expenditure on education, total (% of GDP)",SE.XPD.TOTL.GD.ZS,Burundi,BDI,3.35933,2.645479918,..,..,5.19355011,6.319789886,6.792870045,5.99778986,5.820909977,5.414750099,..,..,16.87231808
"Government expenditure on education, total (% of GDP)",SE.XPD.TOTL.GD.ZS,Cabo Verde,CPV,..,..,6.529600143,5.407549858,5.518000126,5.308959961,5.567289829,5.043610096,..,4.927559853,..,..,66.39083939
"Government expenditure on education, total (% of GDP)",SE.XPD.TOTL.GD.ZS,Cambodia,KHM,..,1.666810036,..,1.599300027,..,..,2.603879929,..,..,..,..,..,35.26056925
"Government expenditure on education, total (% of GDP)",SE.XPD.TOTL.GD.ZS,Cameroon,CMR,3.2871,1.932579994,2.955679893,3.366250038,2.956860065,3.460089922,3.313189983,3.052910089,2.965389967,..,..,..,39.4121151
"Government expenditure on education, total (% of GDP)",SE.XPD.TOTL.GD.ZS,Canada,CAN,6.00705,5.456190109,..,4.797369957,4.660870075,4.873129845,5.37116003,5.272459984,..,..,..,..,#DIV/0!
"Government expenditure on education, total (% of GDP)",SE.XPD.TOTL.GD.ZS,Cayman Islands,CYM,..,..,..,..,..,..,..,..,..,..,..,..,#DIV/0!
"Government expenditure on education, total (% of GDP)",SE.XPD.TOTL.GD.ZS,Central African Republic,CAF,2.2442,1.612650037,1.402420044,1.312890053,1.290019989,1.303560019,1.204550028,1.228620052,..,..,..,..,12.98488331
"Government expenditure on education, total (% of GDP)",SE.XPD.TOTL.GD.ZS,Chad,TCD,..,2.646709919,..,..,..,2.311739922,1.981940031,2.2579,..,..,..,..,#DIV/0!
"Government expenditure on education, total (% of GDP)",SE.XPD.TOTL.GD.ZS,Channel Islands,CHI,..,..,..,..,..,..,..,..,..,..,..,..,#DIV/0!
"Government expenditure on education, total (% of GDP)",SE.XPD.TOTL.GD.ZS,Chile,CHL,2.36103,3.705980062,3.02380991,3.223530054,3.792670012,4.241290092,4.180860043,4.065289974,4.553850174,..,..,..,84.42984009
"Government expenditure on education, total (% of GDP)",SE.XPD.TOTL.GD.ZS,China,CHN,..,..,..,..,..,..,..,..,..,..,..,..,#DIV/0!
"Government expenditure on education, total (% of GDP)",SE.XPD.TOTL.GD.ZS,Colombia,COL,..,3.511209965,3.893320084,4.058700085,3.909800053,4.747429848,4.826159954,4.45980978,4.377389908,4.926259995,..,..,72.33693218
"Government expenditure on education, total (% of GDP)",SE.XPD.TOTL.GD.ZS,Comoros,COM,..,..,..,..,7.794169903,..,..,..,..,..,..,..,47.29713058
"Government expenditure on education, total (% of GDP)",SE.XPD.TOTL.GD.ZS,"Congo, Dem. Rep.",ZAR,..,..,..,..,..,..,1.525249958,..,..,..,..,..,#DIV/0!
"Government expenditure on education, total (% of GDP)",SE.XPD.TOTL.GD.ZS,"Congo, Rep.",COG,..,..,..,..,..,..,6.220789909,..,..,..,..,..,#DIV/0!
"Government expenditure on education, total (% of GDP)",SE.XPD.TOTL.GD.ZS,Costa Rica,CRI,..,4.393949986,4.654419899,4.733570099,..,..,..,..,..,6.866449833,..,..,73.17869059
"Government expenditure on education, total (% of GDP)",SE.XPD.TOTL.GD.ZS,Cote d'Ivoire,CIV,..,3.810319901,4.114779949,4.297420025,4.448959827,..,..,..,..,..,..,..,#DIV/0!
"Government expenditure on education, total (% of GDP)",SE.XPD.TOTL.GD.ZS,Croatia,HRV,..,..,..,3.971110106,4.270130157,4.389249802,4.252170086,4.157949924,..,..,..,..,93.6132843
"Government expenditure on education, total (% of GDP)",SE.XPD.TOTL.GD.ZS,Cuba,CUB,..,7.70486021,9.057290077,11.86828995,14.05910015,13.12514973,12.83726978,..,..,..,..,..,85.26856709
"Government expenditure on education, total (% of GDP)",SE.XPD.TOTL.GD.ZS,Curacao,CUW,..,..,..,..,..,..,..,..,..,..,..,..,#DIV/0!
"Government expenditure on education, total (% of GDP)",SE.XPD.TOTL.GD.ZS,Cyprus,CYP,3.33924,5.348909855,7.016489983,6.926589966,7.392650127,7.940839767,7.271430016,7.242579937,..,..,..,..,92.9775031
"Government expenditure on education, total (% of GDP)",SE.XPD.TOTL.GD.ZS,Czech Republic,CZE,..,3.661299944,4.223919868,3.875,3.752729893,4.180409908,4.073520184,4.284180164,..,..,..,..,#DIV/0!
"Government expenditure on education, total (% of GDP)",SE.XPD.TOTL.GD.ZS,Denmark,DNK,..,8.084329605,7.727829933,7.613770008,7.492360115,8.487959862,8.617980003,8.547100067,..,..,..,..,90.25659084
"Government expenditure on education, total (% of GDP)",SE.XPD.TOTL.GD.ZS,Djibouti,DJI,..,9.659999847,8.278779984,8.40625,..,..,4.49022007,..,..,..,..,..,25.12401962
"Government expenditure on education, total (% of GDP)",SE.XPD.TOTL.GD.ZS,Dominica,DMA,..,..,..,..,..,..,..,..,..,..,..,..,78.15007591
"Government expenditure on education, total (% of GDP)",SE.XPD.TOTL.GD.ZS,Dominican Republic,DOM,..,1.912610054,..,2.051239967,..,..,..,..,..,3.742239952,..,..,60.94197337
"Government expenditure on education, total (% of GDP)",SE.XPD.TOTL.GD.ZS,Ecuador,ECU,..,1.150930047,..,..,..,..,4.075739861,4.314549923,4.180019855,..,..,..,68.86317889
"Government expenditure on education, total (% of GDP)",SE.XPD.TOTL.GD.ZS,"Egypt, Arab Rep.",EGY,..,..,4.001780033,3.68460989,3.760829926,..,..,..,..,..,..,..,82.73491414
"Government expenditure on education, total (% of GDP)",SE.XPD.TOTL.GD.ZS,El Salvador,SLV,..,2.54708004,3.012680054,3.054470062,3.741660118,3.969540119,3.486680031,3.417490005,..,..,..,..,56.61277151
"Government expenditure on education, total (% of GDP)",SE.XPD.TOTL.GD.ZS,Equatorial Guinea,GNQ,..,0.804859996,..,..,..,..,..,..,..,..,..,..,#DIV/0!
"Government expenditure on education, total (% of GDP)",SE.XPD.TOTL.GD.ZS,Eritrea,ERI,..,..,2.127000093,..,..,..,..,..,..,..,..,..,#DIV/0!
"Government expenditure on education, total (% of GDP)",SE.XPD.TOTL.GD.ZS,Estonia,EST,..,5.340410233,..,4.66549015,5.519589901,5.957389832,5.530389786,5.098090172,..,..,..,..,93.85811234
"Government expenditure on education, total (% of GDP)",SE.XPD.TOTL.GD.ZS,Ethiopia,ETH,..,3.983109951,5.490960121,5.451129913,5.408199787,4.532539845,4.651150227,..,..,..,..,..,#DIV/0!
"Government expenditure on education, total (% of GDP)",SE.XPD.TOTL.GD.ZS,Faeroe Islands,FRO,..,..,..,..,..,..,..,..,..,..,..,..,#DIV/0!
"Government expenditure on education, total (% of GDP)",SE.XPD.TOTL.GD.ZS,Fiji,FJI,..,5.857250214,5.607140064,5.848430157,4.25357008,4.498479843,..,4.3196702,..,..,..,..,82.82933044
"Government expenditure on education, total (% of GDP)",SE.XPD.TOTL.GD.ZS,Finland,FIN,5.33591,5.716879845,5.938099861,5.686089993,5.84676981,6.485179901,6.540709972,6.482009888,7.218699932,..,..,..,94.29948902
"Government expenditure on education, total (% of GDP)",SE.XPD.TOTL.GD.ZS,France,FRA,4.49228,5.516729832,5.442110062,5.445189953,5.444029808,5.738490105,5.683420181,5.515840054,5.522510052,..,..,..,96.02131462
"Government expenditure on education, total (% of GDP)",SE.XPD.TOTL.GD.ZS,French Polynesia,PYF,0.38259,..,..,..,..,..,..,..,..,..,..,..,#DIV/0!
"Government expenditure on education, total (% of GDP)",SE.XPD.TOTL.GD.ZS,Gabon,GAB,..,3.827090025,..,..,..,..,..,..,..,..,..,..,#DIV/0!
"Government expenditure on education, total (% of GDP)",SE.XPD.TOTL.GD.ZS,"Gambia, The",GMB,2.82584,1.465870023,1.209489942,1.308509946,3.527420044,3.072350025,4.156010151,3.89921999,4.090380192,..,..,..,#DIV/0!
"Government expenditure on education, total (% of GDP)",SE.XPD.TOTL.GD.ZS,Georgia,GEO,..,2.181070089,3.003639936,2.696870089,2.919559956,3.222379923,..,2.696219921,1.983309984,..,..,..,82.49363251
"Government expenditure on education, total (% of GDP)",SE.XPD.TOTL.GD.ZS,Germany,DEU,..,..,4.284759998,4.348420143,4.415959835,4.88767004,4.921000004,4.814960003,..,..,..,..,#DIV/0!
"Government expenditure on education, total (% of GDP)",SE.XPD.TOTL.GD.ZS,Ghana,GHA,..,..,5.259940147,5.519869804,5.757959843,5.317299843,5.54049015,8.141019821,..,..,..,..,47.85725149
"Government expenditure on education, total (% of GDP)",SE.XPD.TOTL.GD.ZS,Greece,GRC,2.03856,3.219140053,..,..,..,..,..,..,..,..,..,..,94.2628301
"Government expenditure on education, total (% of GDP)",SE.XPD.TOTL.GD.ZS,Greenland,GRL,..,..,..,..,..,..,..,..,..,..,..,..,#DIV/0!
"Government expenditure on education, total (% of GDP)",SE.XPD.TOTL.GD.ZS,Grenada,GRD,..,..,..,..,..,..,..,..,..,..,..,..,80.19962311
"Government expenditure on education, total (% of GDP)",SE.XPD.TOTL.GD.ZS,Guam,GUM,..,..,..,..,..,..,..,..,..,..,..,..,#DIV/0!
"Government expenditure on education, total (% of GDP)",SE.XPD.TOTL.GD.ZS,Guatemala,GTM,..,..,2.984009981,3.03873992,3.184540033,..,2.803070068,2.920140028,2.957859993,2.845129967,..,..,44.68304571
"Government expenditure on education, total (% of GDP)",SE.XPD.TOTL.GD.ZS,Guinea,GIN,..,2.593400002,..,..,2.438369989,3.21607995,3.691859961,3.062829971,2.471390009,3.540879965,..,..,28.18802929
"Government expenditure on education, total (% of GDP)",SE.XPD.TOTL.GD.ZS,Guinea-Bissau,GNB,..,..,..,..,..,..,..,..,..,..,..,..,#DIV/0!
"Government expenditure on education, total (% of GDP)",SE.XPD.TOTL.GD.ZS,Guyana,GUY,..,8.484149933,5.089270115,3.752279997,..,3.361040115,3.66099,3.591229916,3.19404006,..,..,..,88.58216858
"Government expenditure on education, total (% of GDP)",SE.XPD.TOTL.GD.ZS,Haiti,HTI,..,..,..,..,..,..,..,..,..,..,..,..,#DIV/0!
"Government expenditure on education, total (% of GDP)",SE.XPD.TOTL.GD.ZS,Honduras,HND,..,..,..,..,..,..,..,..,..,5.857960224,..,..,48.63323975
"Government expenditure on education, total (% of GDP)",SE.XPD.TOTL.GD.ZS,"Hong Kong SAR, China",HKG,2.46609,..,3.842809916,3.454560041,3.26060009,4.392129898,3.510050058,3.418230057,3.509589911,3.760329962,..,..,79.32843876
"Government expenditure on education, total (% of GDP)",SE.XPD.TOTL.GD.ZS,Hungary,HUN,..,4.879559994,5.358139992,5.194479942,5.023059845,5.011720181,4.818250179,4.64508009,..,..,..,..,91.11803436
"Government expenditure on education, total (% of GDP)",SE.XPD.TOTL.GD.ZS,Iceland,ISL,4.2105,6.487360001,7.348490238,7.010960102,7.226069927,7.375179768,7.200890064,7.047319889,..,..,..,..,89.04739271
"Government expenditure on education, total (% of GDP)",SE.XPD.TOTL.GD.ZS,India,IND,..,4.250259876,3.090729952,..,..,3.210760117,3.319590092,3.853090048,3.868249893,..,..,..,#DIV/0!
"Government expenditure on education, total (% of GDP)",SE.XPD.TOTL.GD.ZS,Indonesia,IDN,..,..,..,3.044250011,2.901900053,3.525130033,2.994299889,3.366790056,3.567409992,..,..,..,69.2028389
"Government expenditure on education, total (% of GDP)",SE.XPD.TOTL.GD.ZS,"Iran, Islamic Rep.",IRN,3.98886,4.384669781,5.059380054,5.492300034,4.786980152,4.450650215,4.258769989,4.050149918,3.612760067,3.679909945,..,..,79.00669289
"Government expenditure on education, total (% of GDP)",SE.XPD.TOTL.GD.ZS,Iraq,IRQ,..,..,..,..,..,..,..,..,..,..,..,..,44.50360107
"Government expenditure on education, total (% of GDP)",SE.XPD.TOTL.GD.ZS,Ireland,IRL,4.60516,4.158939838,4.576049805,4.723100185,5.470339775,6.20758009,6.140679836,5.85089016,..,..,..,..,97.99669393
"Government expenditure on education, total (% of GDP)",SE.XPD.TOTL.GD.ZS,Isle of Man,IMY,..,..,..,..,..,..,..,..,..,..,..,..,#DIV/0!
"Government expenditure on education, total (% of GDP)",SE.XPD.TOTL.GD.ZS,Israel,ISR,6.09651,6.159530163,5.828730106,5.573329926,5.591969967,5.520880222,5.561160088,5.632810116,..,..,..,..,98.52306271
"Government expenditure on education, total (% of GDP)",SE.XPD.TOTL.GD.ZS,Italy,ITA,..,4.297150135,4.535669804,4.116590023,4.400760174,4.534070015,4.349190235,4.140540123,..,..,..,..,92.45822035
"Government expenditure on education, total (% of GDP)",SE.XPD.TOTL.GD.ZS,Jamaica,JAM,4.77916,5.015100002,..,5.491380215,6.193270206,6.199279785,6.368209839,6.261769772,6.117070198,6.256199837,..,..,74.26915741
"Government expenditure on education, total (% of GDP)",SE.XPD.TOTL.GD.ZS,Japan,JPN,..,3.618880033,3.462739944,3.463680029,3.440239906,..,3.781349897,3.778270006,3.849699974,3.818490028,..,..,98.50883157
"Government expenditure on education, total (% of GDP)",SE.XPD.TOTL.GD.ZS,Jordan,JOR,..,..,..,..,..,..,..,..,..,..,..,..,86.98332977
"Government expenditure on education, total (% of GDP)",SE.XPD.TOTL.GD.ZS,Kazakhstan,KAZ,..,3.25661993,2.626780033,2.831389904,2.589459896,3.060719967,..,..,..,..,..,..,93.83740234
"Government expenditure on education, total (% of GDP)",SE.XPD.TOTL.GD.ZS,Kenya,KEN,..,5.186729908,7.049839973,..,..,..,5.508220196,..,..,..,..,..,48.40265579
"Government expenditure on education, total (% of GDP)",SE.XPD.TOTL.GD.ZS,Kiribati,KIR,..,11.14303017,..,..,..,..,..,..,..,..,..,..,#DIV/0!
"Government expenditure on education, total (% of GDP)",SE.XPD.TOTL.GD.ZS,"Korea, Dem. Rep.",PRK,..,..,..,..,..,..,..,..,..,..,..,..,#DIV/0!
"Government expenditure on education, total (% of GDP)",SE.XPD.TOTL.GD.ZS,"Korea, Rep.",KOR,3.02391,..,3.967430115,3.952290058,4.463950157,4.669829845,..,..,4.618229866,..,..,..,95.7473278
"Government expenditure on education, total (% of GDP)",SE.XPD.TOTL.GD.ZS,Kosovo,KSV,..,..,..,..,..,..,..,..,..,..,..,..,#DIV/0!
"Government expenditure on education, total (% of GDP)",SE.XPD.TOTL.GD.ZS,Kuwait,KWT,..,..,3.760010004,..,..,..,..,..,..,..,..,..,87.26522827
"Government expenditure on education, total (% of GDP)",SE.XPD.TOTL.GD.ZS,Kyrgyz Republic,KGZ,..,3.508369923,5.549860001,6.467000008,5.913189888,6.232679844,5.818830013,6.79061985,7.384230137,..,..,..,80.60481916
"Government expenditure on education, total (% of GDP)",SE.XPD.TOTL.GD.ZS,Lao PDR,LAO,..,1.503690004,2.958790064,3.078419924,2.27854991,..,2.773869991,..,..,..,..,..,37.90143061
"Government expenditure on education, total (% of GDP)",SE.XPD.TOTL.GD.ZS,Latvia,LVA,3.77963,5.359149933,5.069039822,5.002120018,5.714560032,5.636839867,5.02947998,4.934820175,4.586530209,..,..,..,87.16603216
"Government expenditure on education, total (% of GDP)",SE.XPD.TOTL.GD.ZS,Lebanon,LBN,..,..,2.80862999,2.609869957,2.035000086,1.77876997,1.63172996,1.646260023,2.189399958,2.572679996,..,..,68.86389923
"Government expenditure on education, total (% of GDP)",SE.XPD.TOTL.GD.ZS,Lesotho,LSO,..,11.49199963,13.85772038,..,12.98200989,..,..,..,..,..,..,..,30.26588535
"Government expenditure on education, total (% of GDP)",SE.XPD.TOTL.GD.ZS,Liberia,LBR,..,..,..,..,3.261270046,..,..,..,2.820689917,..,..,..,16.65332985
"Government expenditure on education, total (% of GDP)",SE.XPD.TOTL.GD.ZS,Libya,LBY,..,..,..,..,..,..,..,..,..,..,..,..,#DIV/0!
"Government expenditure on education, total (% of GDP)",SE.XPD.TOTL.GD.ZS,Liechtenstein,LIE,..,..,2.059639931,1.920799971,2.111560106,..,..,2.556040049,..,..,..,..,91.62415466
"Government expenditure on education, total (% of GDP)",SE.XPD.TOTL.GD.ZS,Lithuania,LTU,..,..,4.815529823,4.638770103,4.876589775,5.636079788,5.359839916,5.172679901,..,..,..,..,97.40082073
"Government expenditure on education, total (% of GDP)",SE.XPD.TOTL.GD.ZS,Luxembourg,LUX,..,..,..,..,..,..,..,..,..,..,..,..,85.14437993
"Government expenditure on education, total (% of GDP)",SE.XPD.TOTL.GD.ZS,"Macao SAR, China",MAC,..,3.679620028,2.239850044,2.087059975,2.22777009,2.565860033,2.607599974,2.690690041,3.34126997,..,..,..,78.98702908
"Government expenditure on education, total (% of GDP)",SE.XPD.TOTL.GD.ZS,"Macedonia, FYR",MKD,..,..,..,..,..,..,..,..,..,..,..,..,#DIV/0!
"Government expenditure on education, total (% of GDP)",SE.XPD.TOTL.GD.ZS,Madagascar,MDG,..,2.911350012,3.282530069,3.369879961,2.910409927,3.177510023,..,2.781120062,2.732170105,2.07998991,..,..,27.14159203
"Government expenditure on education, total (% of GDP)",SE.XPD.TOTL.GD.ZS,Malawi,MWI,3.27054,5.247970104,..,..,..,..,4.356379986,5.35337019,..,7.699880123,..,..,27.39481235
"Government expenditure on education, total (% of GDP)",SE.XPD.TOTL.GD.ZS,Malaysia,MYS,..,5.971620083,4.485779762,4.372550011,3.958509922,5.974180222,5.11661005,5.934740067,..,..,..,..,66.58654022
"Government expenditure on education, total (% of GDP)",SE.XPD.TOTL.GD.ZS,Maldives,MDV,..,..,5.614029884,5.353059769,5.368330002,7.645319939,..,6.78910017,6.194290161,..,..,..,#DIV/0!
"Government expenditure on education, total (% of GDP)",SE.XPD.TOTL.GD.ZS,Mali,MLI,..,3.623709917,..,..,3.816869974,4.398369789,3.789799929,4.575970173,4.186759949,..,..,..,32.83250732
"Government expenditure on education, total (% of GDP)",SE.XPD.TOTL.GD.ZS,Malta,MLT,3.83142,..,..,6.312930107,5.846199989,5.443769932,6.911280155,7.963749886,6.759659767,..,..,..,80.01375389
"Government expenditure on education, total (% of GDP)",SE.XPD.TOTL.GD.ZS,Marshall Islands,MHL,..,..,..,..,..,..,..,..,..,..,..,..,63.00727844
"Government expenditure on education, total (% of GDP)",SE.XPD.TOTL.GD.ZS,Mauritania,MRT,..,..,2.84401989,..,3.993900061,..,4.432899952,3.812410116,3.668100119,3.985650063,..,..,19.34426975
"Government expenditure on education, total (% of GDP)",SE.XPD.TOTL.GD.ZS,Mauritius,MUS,3.15708,3.815259933,3.818109989,3.32607007,3.203840017,3.157710075,3.655780077,3.410840034,3.485889912,3.676700115,..,..,#DIV/0!
"Government expenditure on education, total (% of GDP)",SE.XPD.TOTL.GD.ZS,Mexico,MEX,2.31209,4.134109974,4.741320133,4.731979847,4.858210087,5.217490196,5.191969872,5.14620018,..,..,..,..,66.85344696
"Government expenditure on education, total (% of GDP)",SE.XPD.TOTL.GD.ZS,"Micronesia, Fed. Sts.",FSM,..,6.708179951,..,..,..,..,..,..,..,..,..,..,#DIV/0!
"Government expenditure on education, total (% of GDP)",SE.XPD.TOTL.GD.ZS,Moldova,MDA,..,4.486420155,7.498929977,8.293430328,8.237330437,9.509759903,9.112110138,8.559700012,8.348959923,..,..,..,79.55420685
"Government expenditure on education, total (% of GDP)",SE.XPD.TOTL.GD.ZS,Monaco,MCO,..,1.255360007,..,..,..,1.328770041,1.320219994,1.591420054,1.775130033,1.333320022,..,..,#DIV/0!
"Government expenditure on education, total (% of GDP)",SE.XPD.TOTL.GD.ZS,Mongolia,MNG,..,5.550370216,..,4.690130234,..,5.144849777,5.385980129,5.476170063,..,..,..,..,81.8807373
"Government expenditure on education, total (% of GDP)",SE.XPD.TOTL.GD.ZS,Montenegro,MNE,..,..,..,..,..,..,..,..,..,..,..,..,#DIV/0!
"Government expenditure on education, total (% of GDP)",SE.XPD.TOTL.GD.ZS,Morocco,MAR,4.72016,5.760509968,5.490980148,6.019599915,5.560200214,5.375800133,..,..,6.191800117,6.253530025,..,..,48.79869461
"Government expenditure on education, total (% of GDP)",SE.XPD.TOTL.GD.ZS,Mozambique,MOZ,..,..,5.006840229,..,..,..,..,..,6.202410221,6.64207983,..,..,14.39731002
"Government expenditure on education, total (% of GDP)",SE.XPD.TOTL.GD.ZS,Myanmar,MMR,..,..,..,..,..,..,..,..,..,..,..,..,45.16387863
"Government expenditure on education, total (% of GDP)",SE.XPD.TOTL.GD.ZS,Namibia,NAM,..,6.991390228,6.037819862,..,6.483970165,..,8.349860191,..,..,..,..,..,50.75954056
"Government expenditure on education, total (% of GDP)",SE.XPD.TOTL.GD.ZS,Nepal,NPL,..,2.975150108,3.605360031,3.517210007,3.805170059,4.663760185,4.716989994,..,..,4.087470055,..,..,54.9203404
"Government expenditure on education, total (% of GDP)",SE.XPD.TOTL.GD.ZS,Netherlands,NLD,5.31719,4.618899822,5.141679764,4.970650196,5.119249821,5.494810104,5.555799961,5.526169777,5.514279842,..,..,..,89.03901863
"Government expenditure on education, total (% of GDP)",SE.XPD.TOTL.GD.ZS,New Caledonia,NCL,0.45406,..,..,..,..,..,..,..,..,..,..,..,#DIV/0!
"Government expenditure on education, total (% of GDP)",SE.XPD.TOTL.GD.ZS,New Zealand,NZL,..,..,6.001450062,5.991439819,5.588719845,6.416840076,7.142950058,7.087259769,7.354400158,..,..,..,96.08761444
"Government expenditure on education, total (% of GDP)",SE.XPD.TOTL.GD.ZS,Nicaragua,NIC,..,3.001600027,..,..,..,..,4.39413023,..,..,..,..,..,44.34495926
"Government expenditure on education, total (% of GDP)",SE.XPD.TOTL.GD.ZS,Niger,NER,2.93707,3.189470053,3.334059954,4.020969868,3.662930012,4.526030064,3.733390093,4.207180023,4.544250011,..,..,..,10.64279613
"Government expenditure on education, total (% of GDP)",SE.XPD.TOTL.GD.ZS,Nigeria,NGA,..,..,..,..,..,..,..,..,..,..,..,..,#DIV/0!
"Government expenditure on education, total (% of GDP)",SE.XPD.TOTL.GD.ZS,Northern Mariana Islands,MNP,..,..,..,..,..,..,..,..,..,..,..,..,#DIV/0!
"Government expenditure on education, total (% of GDP)",SE.XPD.TOTL.GD.ZS,Norway,NOR,6.42669,6.580959797,6.486710072,6.658289909,6.401050091,7.240980148,6.871530056,6.552840233,..,..,..,..,96.07607937
"Government expenditure on education, total (% of GDP)",SE.XPD.TOTL.GD.ZS,Oman,OMN,2.83892,3.200239897,3.859339952,..,..,4.187749863,..,..,..,..,..,..,85.19451141
"Government expenditure on education, total (% of GDP)",SE.XPD.TOTL.GD.ZS,Pakistan,PAK,2.51681,1.837820053,2.626379967,2.635270119,2.746229887,2.59078002,2.286870003,2.221750021,2.13628006,2.493439913,..,..,33.98676082
"Government expenditure on education, total (% of GDP)",SE.XPD.TOTL.GD.ZS,Palau,PLW,..,7.337930202,..,..,..,..,..,..,..,..,..,..,94.86383438
"Government expenditure on education, total (% of GDP)",SE.XPD.TOTL.GD.ZS,Panama,PAN,..,5.039690018,..,..,3.540549994,..,..,3.29343009,..,..,..,..,66.25092926
"Government expenditure on education, total (% of GDP)",SE.XPD.TOTL.GD.ZS,Papua New Guinea,PNG,..,..,..,..,..,..,..,..,..,..,..,..,#DIV/0!
"Government expenditure on education, total (% of GDP)",SE.XPD.TOTL.GD.ZS,Paraguay,PRY,1.06207,4.570710182,..,3.546040058,..,..,3.767659903,4.966430187,4.963039875,..,..,..,60.63282885
"Government expenditure on education, total (% of GDP)",SE.XPD.TOTL.GD.ZS,Peru,PER,..,3.276400089,2.676389933,2.629400015,2.843640089,3.130369902,2.847419977,2.681610107,2.922410011,3.277080059,..,..,75.33980942
"Government expenditure on education, total (% of GDP)",SE.XPD.TOTL.GD.ZS,Philippines,PHL,..,3.267659903,2.5338099,2.595340014,2.692980051,2.652950048,..,..,..,..,..,..,61.28463821
"Government expenditure on education, total (% of GDP)",SE.XPD.TOTL.GD.ZS,Poland,POL,..,4.998809814,5.228290081,4.871759892,5.074960232,5.027050018,5.096439838,4.861209869,..,..,..,..,91.46603012
"Government expenditure on education, total (% of GDP)",SE.XPD.TOTL.GD.ZS,Portugal,PRT,3.56937,5.161769867,4.90802002,4.921909809,4.702129841,5.562139988,5.402890205,5.121290207,..,..,..,..,88.51274109
"Government expenditure on education, total (% of GDP)",SE.XPD.TOTL.GD.ZS,Puerto Rico,PRI,..,..,..,..,..,..,..,..,..,..,..,..,73.84090424
"Government expenditure on education, total (% of GDP)",SE.XPD.TOTL.GD.ZS,Qatar,QAT,..,..,..,..,2.448339939,..,..,..,..,..,..,..,89.42703857
"Government expenditure on education, total (% of GDP)",SE.XPD.TOTL.GD.ZS,Romania,ROM,..,2.864680052,..,4.246140003,..,4.239749908,3.525769949,3.07336998,2.985500097,..,..,..,#DIV/0!
"Government expenditure on education, total (% of GDP)",SE.XPD.TOTL.GD.ZS,Russian Federation,RUS,..,2.939810038,3.866260052,..,4.101749897,..,..,..,..,..,..,..,#DIV/0!
"Government expenditure on education, total (% of GDP)",SE.XPD.TOTL.GD.ZS,Rwanda,RWA,..,4.09510994,..,4.296460152,3.782000065,..,4.950109959,4.71130991,4.751009941,5.02794981,..,..,#DIV/0!
"Government expenditure on education, total (% of GDP)",SE.XPD.TOTL.GD.ZS,Samoa,WSM,..,3.582930088,..,..,5.144209862,..,..,..,..,..,..,..,80.02785683
"Government expenditure on education, total (% of GDP)",SE.XPD.TOTL.GD.ZS,San Marino,SMR,3.20449,..,..,..,..,..,2.309370041,2.383729935,..,..,..,..,#DIV/0!
"Government expenditure on education, total (% of GDP)",SE.XPD.TOTL.GD.ZS,Sao Tome and Principe,STP,..,..,4.511089802,6.499839783,5.692430019,10.20763969,9.479419708,..,..,..,..,..,35.92474365
"Government expenditure on education, total (% of GDP)",SE.XPD.TOTL.GD.ZS,Saudi Arabia,SAU,..,5.943480015,5.891170025,..,5.13781023,..,..,..,..,..,..,..,95.72672272
"Government expenditure on education, total (% of GDP)",SE.XPD.TOTL.GD.ZS,Senegal,SEN,..,3.157480001,4.772299767,..,5.048069954,5.534510136,5.599979877,..,..,..,..,..,20.84058952
"Government expenditure on education, total (% of GDP)",SE.XPD.TOTL.GD.ZS,Serbia,SRB,..,..,..,4.510910034,4.70663023,4.751880169,4.586550236,4.492980003,4.426579952,..,..,..,90.63341014
"Government expenditure on education, total (% of GDP)",SE.XPD.TOTL.GD.ZS,Seychelles,SYC,..,..,4.754869938,..,..,..,..,3.627640009,..,..,..,..,75.22550801
"Government expenditure on education, total (% of GDP)",SE.XPD.TOTL.GD.ZS,Sierra Leone,SLE,..,4.949369907,..,2.558320045,2.413019896,2.778059959,2.588510036,2.684560061,3.093800068,2.830919981,..,..,37.9034996
"Government expenditure on education, total (% of GDP)",SE.XPD.TOTL.GD.ZS,Singapore,SGP,..,3.321360111,..,..,2.779360056,3.031840086,3.108360052,3.074189901,3.13015008,2.935770035,..,..,#DIV/0!
"Government expenditure on education, total (% of GDP)",SE.XPD.TOTL.GD.ZS,Sint Maarten (Dutch part),SXM,..,..,..,..,..,..,..,..,..,..,..,..,#DIV/0!
"Government expenditure on education, total (% of GDP)",SE.XPD.TOTL.GD.ZS,Slovak Republic,SVK,..,3.872629881,3.721270084,3.540529966,3.544120073,4.025030136,4.138740063,3.988709927,3.93730998,..,..,..,#DIV/0!
"Government expenditure on education, total (% of GDP)",SE.XPD.TOTL.GD.ZS,Slovenia,SVN,..,..,5.575590134,5.105090141,5.106090069,5.568590164,5.567560196,5.569839954,..,..,..,..,92.66604233
"Government expenditure on education, total (% of GDP)",SE.XPD.TOTL.GD.ZS,Solomon Islands,SLB,..,..,..,9.87994957,8.7999897,8.973259926,9.853710175,..,..,..,..,..,32.6335001
"Government expenditure on education, total (% of GDP)",SE.XPD.TOTL.GD.ZS,Somalia,SOM,..,..,..,..,..,..,..,..,..,..,..,..,#DIV/0!
"Government expenditure on education, total (% of GDP)",SE.XPD.TOTL.GD.ZS,South Africa,ZAF,5.28974,5.443580151,5.072569847,4.974140167,4.866010189,5.248690128,5.721739769,5.962749958,6.368919849,5.99751997,..,..,#DIV/0!
"Government expenditure on education, total (% of GDP)",SE.XPD.TOTL.GD.ZS,South Sudan,SSD,..,..,..,..,..,..,..,..,..,..,..,..,#DIV/0!
"Government expenditure on education, total (% of GDP)",SE.XPD.TOTL.GD.ZS,Spain,ESP,3.64349,4.176370144,4.167590141,4.233320236,4.501009941,4.867790222,4.819220066,4.845069885,4.36743021,..,..,..,94.6995554
"Government expenditure on education, total (% of GDP)",SE.XPD.TOTL.GD.ZS,Sri Lanka,LKA,2.41093,..,..,..,..,2.055900097,1.965880036,1.995399952,1.72397995,..,..,..,84.87332916
"Government expenditure on education, total (% of GDP)",SE.XPD.TOTL.GD.ZS,St. Kitts and Nevis,KNA,..,4.758550167,4.112500191,4.225299835,..,..,..,..,..,..,..,..,87.55924479
"Government expenditure on education, total (% of GDP)",SE.XPD.TOTL.GD.ZS,St. Lucia,LCA,..,..,5.583139896,..,5.238759995,3.765219927,4.148630142,4.28742981,4.002590179,4.756120205,..,..,79.82147884
"Government expenditure on education, total (% of GDP)",SE.XPD.TOTL.GD.ZS,St. Martin (French part),MAF,..,..,..,..,..,..,..,..,..,..,..,..,#DIV/0!
"Government expenditure on education, total (% of GDP)",SE.XPD.TOTL.GD.ZS,St. Vincent and the Grenadines,VCT,..,7.913809776,..,5.674320221,..,5.689780235,5.085229874,..,..,..,..,..,88.19562276
"Government expenditure on education, total (% of GDP)",SE.XPD.TOTL.GD.ZS,Sudan,SDN,..,1.012179971,1.963019967,..,2.201430082,2.218679905,..,..,..,..,..,..,#DIV/0!
"Government expenditure on education, total (% of GDP)",SE.XPD.TOTL.GD.ZS,Suriname,SUR,..,..,..,..,..,..,..,..,..,..,..,..,53.42890549
"Government expenditure on education, total (% of GDP)",SE.XPD.TOTL.GD.ZS,Swaziland,SWZ,5.48457,5.508480072,8.061579704,..,7.518700123,7.05919981,6.966169834,7.829539776,..,..,..,..,31.94465319
"Government expenditure on education, total (% of GDP)",SE.XPD.TOTL.GD.ZS,Sweden,SWE,5.28673,6.81885004,6.410669804,6.215069771,6.390729904,6.857789993,6.621990204,6.491119862,..,..,..,..,95.34385777
"Government expenditure on education, total (% of GDP)",SE.XPD.TOTL.GD.ZS,Switzerland,CHE,4.53429,..,..,..,..,5.059669971,4.947869778,4.993420124,5.048049927,..,..,..,83.51209695
"Government expenditure on education, total (% of GDP)",SE.XPD.TOTL.GD.ZS,Syrian Arab Republic,SYR,..,..,5.346000195,4.871970177,4.59525013,5.130139828,..,..,..,..,..,..,63.95957804
"Government expenditure on education, total (% of GDP)",SE.XPD.TOTL.GD.ZS,Tajikistan,TJK,..,2.328629971,3.403480053,3.41328001,3.459830046,4.098309994,4.006750107,3.935110092,4.018030167,..,..,..,81.24280802
"Government expenditure on education, total (% of GDP)",SE.XPD.TOTL.GD.ZS,Tanzania,TZA,2.13807,..,3.915990114,5.248789787,4.252520084,4.059380054,4.61882019,..,..,..,3.536220074,..,#DIV/0!
"Government expenditure on education, total (% of GDP)",SE.XPD.TOTL.GD.ZS,Thailand,THA,..,5.410429955,4.337299824,3.836070061,3.750550032,4.125529766,3.752640009,5.155149937,4.928349972,..,..,..,75.57985251
"Government expenditure on education, total (% of GDP)",SE.XPD.TOTL.GD.ZS,Timor-Leste,TMP,..,..,..,..,8.102020264,11.46613979,10.48715019,9.463129997,..,..,..,..,35.55166531
"Government expenditure on education, total (% of GDP)",SE.XPD.TOTL.GD.ZS,Togo,TGO,..,4.508419991,3.66373992,3.699320078,3.437819958,4.11575985,4.42320013,4.437069893,4.668290138,4.405139923,..,..,#DIV/0!
"Government expenditure on education, total (% of GDP)",SE.XPD.TOTL.GD.ZS,Tonga,TON,..,4.940770149,..,..,..,..,..,..,..,..,..,..,75.87437439
"Government expenditure on education, total (% of GDP)",SE.XPD.TOTL.GD.ZS,Trinidad and Tobago,TTO,3.65408,2.755650043,..,..,..,..,..,..,..,..,..,..,#DIV/0!
"Government expenditure on education, total (% of GDP)",SE.XPD.TOTL.GD.ZS,Tunisia,TUN,5.79086,6.201980114,6.43859005,6.465519905,6.272190094,6.528480053,6.202000141,..,6.223490238,..,..,..,#DIV/0!
"Government expenditure on education, total (% of GDP)",SE.XPD.TOTL.GD.ZS,Turkey,TUR,..,2.589920044,2.862469912,..,..,..,..,..,..,..,..,..,81.35908031
"Government expenditure on education, total (% of GDP)",SE.XPD.TOTL.GD.ZS,Turkmenistan,TKM,..,..,..,..,..,..,..,..,3.049249887,..,..,..,#DIV/0!
"Government expenditure on education, total (% of GDP)",SE.XPD.TOTL.GD.ZS,Turks and Caicos Islands,TCA,..,..,..,..,..,..,..,..,..,..,..,..,#DIV/0!
"Government expenditure on education, total (% of GDP)",SE.XPD.TOTL.GD.ZS,Tuvalu,TUV,7.55418,..,..,..,..,..,..,..,..,..,..,..,78.71170044
"Government expenditure on education, total (% of GDP)",SE.XPD.TOTL.GD.ZS,Uganda,UGA,..,2.461669922,..,..,..,3.254290104,2.254460096,2.695869923,2.722599983,2.200930119,..,..,19.9055542
"Government expenditure on education, total (% of GDP)",SE.XPD.TOTL.GD.ZS,Ukraine,UKR,..,4.166230202,6.208730221,6.151199818,6.42993021,7.310880184,..,6.152490139,6.661180019,..,..,..,85.33523464
"Government expenditure on education, total (% of GDP)",SE.XPD.TOTL.GD.ZS,United Arab Emirates,ARE,..,..,..,..,..,..,..,..,..,..,..,..,#DIV/0!
"Government expenditure on education, total (% of GDP)",SE.XPD.TOTL.GD.ZS,United Kingdom,GBR,4.17962,4.352180004,5.246900082,5.16410017,5.1208601,5.312399864,5.954969883,5.751639843,..,..,..,..,95.43263149
"Government expenditure on education, total (% of GDP)",SE.XPD.TOTL.GD.ZS,United States,USA,4.81641,..,5.388820171,5.246490002,5.303549767,5.249579906,5.420030117,5.223889828,..,..,..,..,88.02236176
"Government expenditure on education, total (% of GDP)",SE.XPD.TOTL.GD.ZS,Uruguay,URY,..,2.422549963,2.880259991,..,..,..,..,4.422180176,..,..,..,..,70.13018036
"Government expenditure on education, total (% of GDP)",SE.XPD.TOTL.GD.ZS,Uzbekistan,UZB,..,..,..,..,..,..,..,..,..,..,..,..,#DIV/0!
"Government expenditure on education, total (% of GDP)",SE.XPD.TOTL.GD.ZS,Vanuatu,VUT,..,7.003630161,..,..,5.783030033,5.012869835,..,..,..,..,..,..,51.60028839
"Government expenditure on education, total (% of GDP)",SE.XPD.TOTL.GD.ZS,"Venezuela, RB",VEN,2.52841,..,3.669059992,3.627320051,..,6.874670029,..,..,..,..,..,..,71.15207767
"Government expenditure on education, total (% of GDP)",SE.XPD.TOTL.GD.ZS,Vietnam,VNM,..,..,..,..,4.886740208,..,6.285349846,..,6.303110123,..,..,..,#DIV/0!
"Government expenditure on education, total (% of GDP)",SE.XPD.TOTL.GD.ZS,Virgin Islands (U.S.),VIR,..,..,..,..,..,..,..,..,..,..,..,..,#DIV/0!
"Government expenditure on education, total (% of GDP)",SE.XPD.TOTL.GD.ZS,West Bank and Gaza,WBG,..,..,..,..,..,..,..,..,..,..,..,..,83.97794342
"Government expenditure on education, total (% of GDP)",SE.XPD.TOTL.GD.ZS,"Yemen, Rep.",YEM,..,9.661629677,..,..,4.560599804,..,..,..,..,..,..,..,41.1053009
"Government expenditure on education, total (% of GDP)",SE.XPD.TOTL.GD.ZS,Zambia,ZMB,..,1.788190007,..,1.240759969,1.099720001,..,..,..,..,..,..,..,#DIV/0!
"Government expenditure on education, total (% of GDP)",SE.XPD.TOTL.GD.ZS,Zimbabwe,ZWE,12.45426,..,..,..,..,..,1.966099977,..,..,..,..,..,43.83839035
,,,,,,,,,,,,,,,,
,,,,,,,,,,,,,,,,
,,,,,,,,,,,,,,,,
Data from database: World Development Indicators,,,,,,,,,,,,,,,,
Last Updated: 11/12/2015,,,,,,,,,,,,,,,,