ï»¿Series Name,Series Code,Country Name,Country Code,1990 [YR1990],2000 [YR2000],2006 [YR2006],2007 [YR2007],2008 [YR2008],2009 [YR2009],2010 [YR2010],2011 [YR2011],2012 [YR2012],2013 [YR2013],2014 [YR2014],2015 [YR2015],High-technology exports (current US$)
Research and development expenditure (% of GDP),GB.XPD.RSDV.GD.ZS,Afghanistan,AFG,..,..,..,..,..,..,..,..,..,..,..,..,#DIV/0!
Research and development expenditure (% of GDP),GB.XPD.RSDV.GD.ZS,Albania,ALB,..,..,..,0.087350003,0.153080001,..,..,..,..,..,..,..,5933003.444
Research and development expenditure (% of GDP),GB.XPD.RSDV.GD.ZS,Algeria,DZA,..,..,..,..,..,..,..,..,..,..,..,..,7117948.333
Research and development expenditure (% of GDP),GB.XPD.RSDV.GD.ZS,American Samoa,ASM,..,..,..,..,..,..,..,..,..,..,..,..,#DIV/0!
Research and development expenditure (% of GDP),GB.XPD.RSDV.GD.ZS,Andorra,ADO,..,..,..,..,..,..,..,..,..,..,..,..,9848056.5
Research and development expenditure (% of GDP),GB.XPD.RSDV.GD.ZS,Angola,AGO,..,..,..,..,..,..,..,..,..,..,..,..,#DIV/0!
Research and development expenditure (% of GDP),GB.XPD.RSDV.GD.ZS,Antigua and Barbuda,ATG,..,..,..,..,..,..,..,..,..,..,..,..,431.5714286
Research and development expenditure (% of GDP),GB.XPD.RSDV.GD.ZS,Argentina,ARG,..,0.438840002,0.494619995,0.507929981,0.523810029,0.595099986,0.617449999,0.64696002,..,..,..,..,1609103583
Research and development expenditure (% of GDP),GB.XPD.RSDV.GD.ZS,Armenia,ARM,..,0.184630007,0.240569994,0.211070001,0.224380001,0.290930003,0.241390005,0.270139992,..,..,..,..,5433776.111
Research and development expenditure (% of GDP),GB.XPD.RSDV.GD.ZS,Aruba,ABW,..,..,..,..,..,..,..,..,..,..,..,..,1849335.667
Research and development expenditure (% of GDP),GB.XPD.RSDV.GD.ZS,Australia,AUS,..,1.573490024,2.188730001,..,2.407779932,..,2.385620117,..,..,..,..,..,3827216077
Research and development expenditure (% of GDP),GB.XPD.RSDV.GD.ZS,Austria,AUT,..,1.93245995,2.439280033,2.50632,2.669569969,2.707819939,2.798460007,2.765779972,2.836390018,..,..,..,14204686207
Research and development expenditure (% of GDP),GB.XPD.RSDV.GD.ZS,Azerbaijan,AZE,..,0.335999995,0.171650007,0.170059994,0.165539995,0.249760002,0.218480006,0.210840002,..,..,..,..,18752357.78
Research and development expenditure (% of GDP),GB.XPD.RSDV.GD.ZS,"Bahamas, The",BHS,..,..,..,..,..,..,..,..,..,..,..,..,882223.6667
Research and development expenditure (% of GDP),GB.XPD.RSDV.GD.ZS,Bahrain,BHR,..,..,..,..,..,..,..,..,..,..,..,..,5906741.857
Research and development expenditure (% of GDP),GB.XPD.RSDV.GD.ZS,Bangladesh,BGD,..,..,..,..,..,..,..,..,..,..,..,..,47934605.71
Research and development expenditure (% of GDP),GB.XPD.RSDV.GD.ZS,Barbados,BRB,..,..,..,..,..,..,..,..,..,..,..,..,17533424.56
Research and development expenditure (% of GDP),GB.XPD.RSDV.GD.ZS,Belarus,BLR,..,0.722100019,0.660650015,0.962029994,0.741469979,0.642690003,0.693499982,0.700600028,..,..,..,..,428959488.9
Research and development expenditure (% of GDP),GB.XPD.RSDV.GD.ZS,Belgium,BEL,..,1.965579987,1.858839989,1.892989993,1.966860056,2.026679993,2.104779959,2.21281004,2.236210108,..,..,..,28170466737
Research and development expenditure (% of GDP),GB.XPD.RSDV.GD.ZS,Belize,BLZ,..,..,..,..,..,..,..,..,..,..,..,..,140236.7143
Research and development expenditure (% of GDP),GB.XPD.RSDV.GD.ZS,Benin,BEN,..,..,..,..,..,..,..,..,..,..,..,..,386702.2222
Research and development expenditure (% of GDP),GB.XPD.RSDV.GD.ZS,Bermuda,BMU,..,..,..,0.205259994,0.2095,0.222169995,0.222829998,0.261220008,..,..,..,..,1557809.5
Research and development expenditure (% of GDP),GB.XPD.RSDV.GD.ZS,Bhutan,BTN,..,..,..,..,..,..,..,..,..,..,..,..,2215336.333
Research and development expenditure (% of GDP),GB.XPD.RSDV.GD.ZS,Bolivia,BOL,..,0.287440002,..,..,..,0.157000005,..,..,..,..,..,..,53822784.33
Research and development expenditure (% of GDP),GB.XPD.RSDV.GD.ZS,Bosnia and Herzegovina,BIH,..,..,0.02043,0.02603,0.01898,0.021709999,..,..,..,..,..,..,80724439.38
Research and development expenditure (% of GDP),GB.XPD.RSDV.GD.ZS,Botswana,BWA,..,..,..,..,..,..,..,..,..,..,..,..,26006531.89
Research and development expenditure (% of GDP),GB.XPD.RSDV.GD.ZS,Brazil,BRA,..,1.018249989,1.00801003,1.09513998,1.114310026,1.16613996,1.160419941,1.209640026,..,..,..,..,8379480995
Research and development expenditure (% of GDP),GB.XPD.RSDV.GD.ZS,Brunei Darussalam,BRN,..,..,..,..,..,..,..,..,..,..,..,..,45010877
Research and development expenditure (% of GDP),GB.XPD.RSDV.GD.ZS,Bulgaria,BGR,..,0.508289993,0.457749993,0.453680009,0.470239997,0.52846998,0.597940028,0.570410013,0.639240026,..,..,..,730858419.9
Research and development expenditure (% of GDP),GB.XPD.RSDV.GD.ZS,Burkina Faso,BFA,..,..,..,0.110880002,0.186759993,0.200560004,..,..,..,..,..,..,3246748.857
Research and development expenditure (% of GDP),GB.XPD.RSDV.GD.ZS,Burundi,BDI,..,..,..,0.2007,0.154190004,0.144339994,0.137549996,0.121260002,..,..,..,..,598846.375
Research and development expenditure (% of GDP),GB.XPD.RSDV.GD.ZS,Cabo Verde,CPV,..,..,..,..,..,..,..,0.072640002,..,..,..,..,36208.25
Research and development expenditure (% of GDP),GB.XPD.RSDV.GD.ZS,Cambodia,KHM,..,..,..,..,..,..,..,..,..,..,..,..,5687855.889
Research and development expenditure (% of GDP),GB.XPD.RSDV.GD.ZS,Cameroon,CMR,..,..,..,..,..,..,..,..,..,..,..,..,11068369.38
Research and development expenditure (% of GDP),GB.XPD.RSDV.GD.ZS,Canada,CAN,..,1.909389973,2.004889965,1.963400006,1.91821003,1.97052002,1.860080004,1.785030007,1.727970004,..,..,..,26471144744
Research and development expenditure (% of GDP),GB.XPD.RSDV.GD.ZS,Cayman Islands,CYM,..,..,..,..,..,..,..,..,..,..,..,..,#DIV/0!
Research and development expenditure (% of GDP),GB.XPD.RSDV.GD.ZS,Central African Republic,CAF,..,..,..,..,..,..,..,..,..,..,..,..,212447.8889
Research and development expenditure (% of GDP),GB.XPD.RSDV.GD.ZS,Chad,TCD,..,..,..,..,..,..,..,..,..,..,..,..,#DIV/0!
Research and development expenditure (% of GDP),GB.XPD.RSDV.GD.ZS,Channel Islands,CHI,..,..,..,..,..,..,..,..,..,..,..,..,#DIV/0!
Research and development expenditure (% of GDP),GB.XPD.RSDV.GD.ZS,Chile,CHL,..,..,..,0.310499996,0.374989986,0.409570009,0.417219996,..,..,..,..,..,461172506.2
Research and development expenditure (% of GDP),GB.XPD.RSDV.GD.ZS,China,CHN,..,0.902760029,1.388299942,1.395820022,1.469859958,1.701979995,1.758990049,1.836169958,1.983049989,..,..,..,3.55E+11
Research and development expenditure (% of GDP),GB.XPD.RSDV.GD.ZS,Colombia,COL,..,0.106030002,0.141660005,0.170530006,0.181779996,0.177790001,0.180539995,0.182970002,0.172670007,..,..,..,445391268.8
Research and development expenditure (% of GDP),GB.XPD.RSDV.GD.ZS,Comoros,COM,..,..,..,..,..,..,..,..,..,..,..,..,69762
Research and development expenditure (% of GDP),GB.XPD.RSDV.GD.ZS,"Congo, Dem. Rep.",ZAR,..,..,0.098999999,0.227459997,0.139880002,0.13019,..,..,..,..,..,..,#DIV/0!
Research and development expenditure (% of GDP),GB.XPD.RSDV.GD.ZS,"Congo, Rep.",COG,..,..,..,..,..,..,..,..,..,..,..,..,55089187.57
Research and development expenditure (% of GDP),GB.XPD.RSDV.GD.ZS,Costa Rica,CRI,..,0.387279987,0.43046999,0.364170015,0.398400009,0.541170001,0.482609987,0.476410002,..,..,..,..,2354064804
Research and development expenditure (% of GDP),GB.XPD.RSDV.GD.ZS,Cote d'Ivoire,CIV,..,..,..,..,..,..,..,..,..,..,..,..,102085949
Research and development expenditure (% of GDP),GB.XPD.RSDV.GD.ZS,Croatia,HRV,..,1.056540012,0.74871999,0.802209973,0.895129979,0.850139976,0.754429996,0.757870018,0.751640022,..,..,..,660326925.4
Research and development expenditure (% of GDP),GB.XPD.RSDV.GD.ZS,Cuba,CUB,..,0.478650004,0.441390008,0.436150014,0.500609994,0.614870012,0.607659996,0.274940014,0.419340014,..,..,..,140881720.5
Research and development expenditure (% of GDP),GB.XPD.RSDV.GD.ZS,Curacao,CUW,..,..,..,..,..,..,..,..,..,..,..,..,#DIV/0!
Research and development expenditure (% of GDP),GB.XPD.RSDV.GD.ZS,Cyprus,CYP,..,0.243239999,0.425020009,0.441199988,0.424389988,0.489719987,0.493550003,0.497159988,0.467260003,..,..,..,76712387.33
Research and development expenditure (% of GDP),GB.XPD.RSDV.GD.ZS,Czech Republic,CZE,..,1.166990042,1.290590048,1.365399957,1.295910001,1.353420019,1.397400022,1.641299963,1.881479979,..,..,..,16001647933
Research and development expenditure (% of GDP),GB.XPD.RSDV.GD.ZS,Denmark,DNK,..,..,2.477519989,2.580080032,2.849900007,3.1603899,3.001379967,2.975990057,2.984159946,..,..,..,9525675721
Research and development expenditure (% of GDP),GB.XPD.RSDV.GD.ZS,Djibouti,DJI,..,..,..,..,..,..,..,..,..,..,..,..,116611
Research and development expenditure (% of GDP),GB.XPD.RSDV.GD.ZS,Dominica,DMA,..,..,..,..,..,..,..,..,..,..,..,..,982546.7143
Research and development expenditure (% of GDP),GB.XPD.RSDV.GD.ZS,Dominican Republic,DOM,..,..,..,..,..,..,..,..,..,..,..,..,198542158.7
Research and development expenditure (% of GDP),GB.XPD.RSDV.GD.ZS,Ecuador,ECU,..,..,0.128629997,0.131940007,0.227789998,..,..,..,..,..,..,..,71164699.33
Research and development expenditure (% of GDP),GB.XPD.RSDV.GD.ZS,"Egypt, Arab Rep.",EGY,..,0.192469999,0.259030014,0.255100012,0.270240009,0.239109993,0.397810012,0.428629994,..,..,..,..,63736627
Research and development expenditure (% of GDP),GB.XPD.RSDV.GD.ZS,El Salvador,SLV,..,..,..,0.08935,0.112450004,0.077440001,0.067230001,0.03112,..,..,..,..,146299237.9
Research and development expenditure (% of GDP),GB.XPD.RSDV.GD.ZS,Equatorial Guinea,GNQ,..,..,..,..,..,..,..,..,..,..,..,..,#DIV/0!
Research and development expenditure (% of GDP),GB.XPD.RSDV.GD.ZS,Eritrea,ERI,..,..,..,..,..,..,..,..,..,..,..,..,0
Research and development expenditure (% of GDP),GB.XPD.RSDV.GD.ZS,Estonia,EST,..,0.601149976,1.127580047,1.080610037,1.281419992,1.413010001,1.619639993,2.370729923,2.181910038,..,..,..,862334096.3
Research and development expenditure (% of GDP),GB.XPD.RSDV.GD.ZS,Ethiopia,ETH,..,..,..,0.173930004,..,..,0.245660007,..,..,..,..,..,4249034.778
Research and development expenditure (% of GDP),GB.XPD.RSDV.GD.ZS,Faeroe Islands,FRO,..,..,..,..,..,..,..,..,..,..,..,..,1428816.2
Research and development expenditure (% of GDP),GB.XPD.RSDV.GD.ZS,Fiji,FJI,..,..,..,..,..,..,..,..,..,..,..,..,3838990.556
Research and development expenditure (% of GDP),GB.XPD.RSDV.GD.ZS,Finland,FIN,..,3.34552002,3.475519896,3.471430063,3.700700045,3.938339949,3.900599957,3.796770096,3.548229933,..,..,..,8577903469
Research and development expenditure (% of GDP),GB.XPD.RSDV.GD.ZS,France,FRA,..,2.150150061,2.108010054,2.083060026,2.124269962,2.271490097,2.244460106,2.249789953,2.262639999,..,..,..,91092991262
Research and development expenditure (% of GDP),GB.XPD.RSDV.GD.ZS,French Polynesia,PYF,..,..,..,..,..,..,..,..,..,..,..,..,12670684.56
Research and development expenditure (% of GDP),GB.XPD.RSDV.GD.ZS,Gabon,GAB,..,..,..,0.447569996,0.505140007,0.580869973,..,..,..,..,..,..,33803474.4
Research and development expenditure (% of GDP),GB.XPD.RSDV.GD.ZS,"Gambia, The",GMB,..,..,..,..,0.02039,0.017480001,..,0.133090004,..,..,..,..,14511.33333
Research and development expenditure (% of GDP),GB.XPD.RSDV.GD.ZS,Georgia,GEO,..,0.215299994,..,..,..,..,..,..,..,..,..,..,23982294.44
Research and development expenditure (% of GDP),GB.XPD.RSDV.GD.ZS,Germany,DEU,..,2.472229958,2.540260077,2.531689882,2.689450026,2.822629929,2.803519964,2.892859936,2.919100046,..,..,..,1.58E+11
Research and development expenditure (% of GDP),GB.XPD.RSDV.GD.ZS,Ghana,GHA,..,..,..,0.231570005,..,..,0.376549989,..,..,..,..,..,21924838.56
Research and development expenditure (% of GDP),GB.XPD.RSDV.GD.ZS,Greece,GRC,..,..,0.58604002,0.601180017,..,..,..,0.66711998,0.690379977,..,..,..,1052138564
Research and development expenditure (% of GDP),GB.XPD.RSDV.GD.ZS,Greenland,GRL,..,..,..,..,..,..,..,..,..,..,..,..,2504811.444
Research and development expenditure (% of GDP),GB.XPD.RSDV.GD.ZS,Grenada,GRD,..,..,..,..,..,..,..,..,..,..,..,..,5640282.75
Research and development expenditure (% of GDP),GB.XPD.RSDV.GD.ZS,Guam,GUM,..,..,..,..,..,..,..,..,..,..,..,..,#DIV/0!
Research and development expenditure (% of GDP),GB.XPD.RSDV.GD.ZS,Guatemala,GTM,..,..,0.0493,0.066739999,0.06188,0.055300001,0.043499999,0.048099998,..,..,..,..,143989590.2
Research and development expenditure (% of GDP),GB.XPD.RSDV.GD.ZS,Guinea,GIN,..,..,..,..,..,..,..,..,..,..,..,..,193483.75
Research and development expenditure (% of GDP),GB.XPD.RSDV.GD.ZS,Guinea-Bissau,GNB,..,..,..,..,..,..,..,..,..,..,..,..,#DIV/0!
Research and development expenditure (% of GDP),GB.XPD.RSDV.GD.ZS,Guyana,GUY,..,..,..,..,..,..,..,..,..,..,..,..,236537.1111
Research and development expenditure (% of GDP),GB.XPD.RSDV.GD.ZS,Haiti,HTI,..,..,..,..,..,..,..,..,..,..,..,..,#DIV/0!
Research and development expenditure (% of GDP),GB.XPD.RSDV.GD.ZS,Honduras,HND,..,0.044530001,..,..,..,..,..,..,..,..,..,..,13470963.86
Research and development expenditure (% of GDP),GB.XPD.RSDV.GD.ZS,"Hong Kong SAR, China",HKG,..,0.464929998,0.794679999,0.751609981,0.719959974,0.773419976,0.749270022,..,..,..,..,..,1521586721
Research and development expenditure (% of GDP),GB.XPD.RSDV.GD.ZS,Hungary,HUN,..,0.805159986,1.005049944,0.983089983,1.003509998,1.167549968,1.170029998,1.21776998,1.296640038,..,..,..,16186953905
Research and development expenditure (% of GDP),GB.XPD.RSDV.GD.ZS,Iceland,ISL,..,2.669120073,2.992079973,2.684740067,2.646039963,2.819849968,..,2.604870081,..,..,..,..,252365071
Research and development expenditure (% of GDP),GB.XPD.RSDV.GD.ZS,India,IND,..,0.743950009,0.797219992,0.790799975,0.84108001,0.818809986,0.797179997,0.806020021,..,..,..,..,9276492367
Research and development expenditure (% of GDP),GB.XPD.RSDV.GD.ZS,Indonesia,IDN,..,0.06769,..,..,..,0.083319999,..,..,..,..,..,..,5579733097
Research and development expenditure (% of GDP),GB.XPD.RSDV.GD.ZS,"Iran, Islamic Rep.",IRN,..,..,0.668139994,..,0.74879998,..,..,..,..,..,..,..,412947361.3
Research and development expenditure (% of GDP),GB.XPD.RSDV.GD.ZS,Iraq,IRQ,..,..,..,0.045540001,0.03435,0.045620002,0.035739999,0.033780001,..,..,..,..,49871
Research and development expenditure (% of GDP),GB.XPD.RSDV.GD.ZS,Ireland,IRL,..,1.113080025,1.248440027,1.282330036,1.445569992,1.685660005,1.688529968,1.65775001,1.723819971,..,..,..,25897399717
Research and development expenditure (% of GDP),GB.XPD.RSDV.GD.ZS,Isle of Man,IMY,..,..,..,..,..,..,..,..,..,..,..,..,#DIV/0!
Research and development expenditure (% of GDP),GB.XPD.RSDV.GD.ZS,Israel,ISR,..,4.167840004,4.224589825,4.523230076,4.402959824,4.168010235,3.965009928,3.973510027,3.926270008,..,..,..,7050271667
Research and development expenditure (% of GDP),GB.XPD.RSDV.GD.ZS,Italy,ITA,..,1.039839983,1.127320051,1.173040032,1.205780029,1.264000058,1.264580011,1.253509998,1.26572001,..,..,..,26796983774
Research and development expenditure (% of GDP),GB.XPD.RSDV.GD.ZS,Jamaica,JAM,..,..,..,..,..,..,..,..,..,..,..,..,3273124.333
Research and development expenditure (% of GDP),GB.XPD.RSDV.GD.ZS,Japan,JPN,..,3.001689911,3.409100056,3.461420059,3.467060089,3.357340097,3.253940105,3.388070107,..,..,..,..,1.19E+11
Research and development expenditure (% of GDP),GB.XPD.RSDV.GD.ZS,Jordan,JOR,..,..,..,..,0.434700012,..,..,..,..,..,..,..,71027071.78
Research and development expenditure (% of GDP),GB.XPD.RSDV.GD.ZS,Kazakhstan,KAZ,..,0.181040004,0.242809996,0.208839998,0.216539994,0.22924,0.153410003,0.157230005,..,..,..,..,2012991035
Research and development expenditure (% of GDP),GB.XPD.RSDV.GD.ZS,Kenya,KEN,..,..,..,0.416790009,..,..,0.976170003,..,..,..,..,..,65445383.67
Research and development expenditure (% of GDP),GB.XPD.RSDV.GD.ZS,Kiribati,KIR,..,..,..,..,..,..,..,..,..,..,..,..,224254.6667
Research and development expenditure (% of GDP),GB.XPD.RSDV.GD.ZS,"Korea, Dem. Rep.",PRK,..,..,..,..,..,..,..,..,..,..,..,..,#DIV/0!
Research and development expenditure (% of GDP),GB.XPD.RSDV.GD.ZS,"Korea, Rep.",KOR,..,2.295700073,3.009180069,3.210350037,3.360899925,3.561239958,3.737809896,4.039189816,..,..,..,..,1.04E+11
Research and development expenditure (% of GDP),GB.XPD.RSDV.GD.ZS,Kosovo,KSV,..,..,..,..,..,..,..,..,..,..,..,..,#DIV/0!
Research and development expenditure (% of GDP),GB.XPD.RSDV.GD.ZS,Kuwait,KWT,..,0.125430003,0.08478,0.08585,0.085500002,0.112199999,0.097589999,0.094939999,..,..,..,..,20929355.83
Research and development expenditure (% of GDP),GB.XPD.RSDV.GD.ZS,Kyrgyz Republic,KGZ,..,0.156369999,0.230140001,0.234249994,0.190170005,0.15997,0.155469999,0.156330004,..,..,..,..,10371935.89
Research and development expenditure (% of GDP),GB.XPD.RSDV.GD.ZS,Lao PDR,LAO,..,..,..,..,..,..,..,..,..,..,..,..,#DIV/0!
Research and development expenditure (% of GDP),GB.XPD.RSDV.GD.ZS,Latvia,LVA,..,0.441819996,0.699989974,0.594929993,0.614639997,0.457850009,0.604589999,0.696309984,0.658510029,..,..,..,436036192.1
Research and development expenditure (% of GDP),GB.XPD.RSDV.GD.ZS,Lebanon,LBN,..,..,..,..,..,..,..,..,..,..,..,..,70448973.11
Research and development expenditure (% of GDP),GB.XPD.RSDV.GD.ZS,Lesotho,LSO,..,..,..,..,..,0.029510001,..,0.01283,..,..,..,..,978776.6667
Research and development expenditure (% of GDP),GB.XPD.RSDV.GD.ZS,Liberia,LBR,..,..,..,..,..,..,..,..,..,..,..,..,#DIV/0!
Research and development expenditure (% of GDP),GB.XPD.RSDV.GD.ZS,Libya,LBY,..,..,..,..,..,..,..,..,..,..,..,..,#DIV/0!
Research and development expenditure (% of GDP),GB.XPD.RSDV.GD.ZS,Liechtenstein,LIE,..,..,..,..,..,..,..,..,..,..,..,..,#DIV/0!
Research and development expenditure (% of GDP),GB.XPD.RSDV.GD.ZS,Lithuania,LTU,..,0.59017998,0.794510007,0.813929975,0.798420012,0.843039989,0.801270008,0.917649984,0.901660025,..,..,..,1157400037
Research and development expenditure (% of GDP),GB.XPD.RSDV.GD.ZS,Luxembourg,LUX,..,1.654209971,1.661550045,1.57772994,1.655809999,1.74356997,1.505239964,1.414340019,1.44066,..,..,..,1031936466
Research and development expenditure (% of GDP),GB.XPD.RSDV.GD.ZS,"Macao SAR, China",MAC,..,..,0.084629998,0.058060002,0.102499999,0.05954,0.051720001,0.043760002,..,..,..,..,10505281.13
Research and development expenditure (% of GDP),GB.XPD.RSDV.GD.ZS,"Macedonia, FYR",MKD,..,0.440589994,0.202680007,0.174630001,0.225299999,0.198650002,0.217930004,..,..,..,..,..,65217994
Research and development expenditure (% of GDP),GB.XPD.RSDV.GD.ZS,Madagascar,MDG,..,0.119759999,0.163729995,0.140369996,0.134299994,0.146160007,0.111869998,0.105669998,..,..,..,..,10251748.11
Research and development expenditure (% of GDP),GB.XPD.RSDV.GD.ZS,Malawi,MWI,..,..,..,..,..,..,..,..,..,..,..,..,2321634.125
Research and development expenditure (% of GDP),GB.XPD.RSDV.GD.ZS,Malaysia,MYS,..,0.469000012,0.611060023,..,0.78846997,1.010010004,1.067399979,1.065289974,..,..,..,..,56860744153
Research and development expenditure (% of GDP),GB.XPD.RSDV.GD.ZS,Maldives,MDV,..,..,..,..,..,..,..,..,..,..,..,..,#DIV/0!
Research and development expenditure (% of GDP),GB.XPD.RSDV.GD.ZS,Mali,MLI,..,..,..,0.249149993,..,..,0.661419988,..,..,..,..,..,2569316
Research and development expenditure (% of GDP),GB.XPD.RSDV.GD.ZS,Malta,MLT,..,..,0.615920007,0.578909993,0.559689999,0.544759989,0.681360006,0.720589995,0.842410028,..,..,..,1294931189
Research and development expenditure (% of GDP),GB.XPD.RSDV.GD.ZS,Marshall Islands,MHL,..,..,..,..,..,..,..,..,..,..,..,..,#DIV/0!
Research and development expenditure (% of GDP),GB.XPD.RSDV.GD.ZS,Mauritania,MRT,..,..,..,..,..,..,..,..,..,..,..,..,#DIV/0!
Research and development expenditure (% of GDP),GB.XPD.RSDV.GD.ZS,Mauritius,MUS,..,0.289029986,..,..,..,..,..,..,..,..,..,..,71155285.89
Research and development expenditure (% of GDP),GB.XPD.RSDV.GD.ZS,Mexico,MEX,..,0.313089997,0.372660011,0.368360013,0.403829992,0.430640012,0.455920011,0.428689986,..,..,..,..,37002229706
Research and development expenditure (% of GDP),GB.XPD.RSDV.GD.ZS,"Micronesia, Fed. Sts.",FSM,..,..,..,..,..,..,..,..,..,..,..,..,#DIV/0!
Research and development expenditure (% of GDP),GB.XPD.RSDV.GD.ZS,Moldova,MDA,..,..,0.406219989,0.545580029,0.534630001,0.525569975,0.43987,0.404989988,..,..,..,..,13746536.67
Research and development expenditure (% of GDP),GB.XPD.RSDV.GD.ZS,Monaco,MCO,..,..,..,..,..,..,..,..,..,..,..,..,#DIV/0!
Research and development expenditure (% of GDP),GB.XPD.RSDV.GD.ZS,Mongolia,MNG,..,0.187570006,0.191210002,0.23827,0.336670011,0.304780006,0.283349991,0.27392,..,..,..,..,8032941.5
Research and development expenditure (% of GDP),GB.XPD.RSDV.GD.ZS,Montenegro,MNE,..,..,1.241719961,1.148910046,..,..,..,0.408639997,..,..,..,..,5505585.25
Research and development expenditure (% of GDP),GB.XPD.RSDV.GD.ZS,Morocco,MAR,..,..,0.63568002,..,..,..,0.733799994,..,..,..,..,..,806701414.2
Research and development expenditure (% of GDP),GB.XPD.RSDV.GD.ZS,Mozambique,MOZ,..,..,0.532989979,..,0.177739993,..,0.462599993,..,..,..,..,..,34109176.89
Research and development expenditure (% of GDP),GB.XPD.RSDV.GD.ZS,Myanmar,MMR,..,0.113059998,..,..,..,..,..,..,..,..,..,..,41739
Research and development expenditure (% of GDP),GB.XPD.RSDV.GD.ZS,Namibia,NAM,..,..,..,..,..,..,0.144409999,..,..,..,..,..,52961453.11
Research and development expenditure (% of GDP),GB.XPD.RSDV.GD.ZS,Nepal,NPL,..,..,..,..,0.054389998,0.259240001,0.30219999,..,..,..,..,..,1947978.6
Research and development expenditure (% of GDP),GB.XPD.RSDV.GD.ZS,Netherlands,NLD,..,1.935590029,1.883509994,1.808760047,1.766579986,1.81566,1.85619998,2.026720047,2.156759977,..,..,..,61151048277
Research and development expenditure (% of GDP),GB.XPD.RSDV.GD.ZS,New Caledonia,NCL,..,..,..,..,..,..,..,..,..,..,..,..,48517505
Research and development expenditure (% of GDP),GB.XPD.RSDV.GD.ZS,New Zealand,NZL,..,..,..,1.174479961,..,1.282430053,..,1.270900011,..,..,..,..,585543112.2
Research and development expenditure (% of GDP),GB.XPD.RSDV.GD.ZS,Nicaragua,NIC,..,..,..,..,..,..,..,..,..,..,..,..,5536908.444
Research and development expenditure (% of GDP),GB.XPD.RSDV.GD.ZS,Niger,NER,..,..,..,..,..,..,..,..,..,..,..,..,9167824.222
Research and development expenditure (% of GDP),GB.XPD.RSDV.GD.ZS,Nigeria,NGA,..,..,..,0.218960002,..,..,..,..,..,..,..,..,44471453.89
Research and development expenditure (% of GDP),GB.XPD.RSDV.GD.ZS,Northern Mariana Islands,MNP,..,..,..,..,..,..,..,..,..,..,..,..,#DIV/0!
Research and development expenditure (% of GDP),GB.XPD.RSDV.GD.ZS,Norway,NOR,..,..,1.47902,1.59423995,1.583130002,1.758129954,1.680609941,1.651909947,1.654739976,..,..,..,3836338747
Research and development expenditure (% of GDP),GB.XPD.RSDV.GD.ZS,Oman,OMN,..,..,..,..,..,..,..,0.132489994,..,..,..,..,62320093
Research and development expenditure (% of GDP),GB.XPD.RSDV.GD.ZS,Pakistan,PAK,..,0.128279999,..,0.632499993,..,0.448060006,..,0.329019994,..,..,..,..,238985605.2
Research and development expenditure (% of GDP),GB.XPD.RSDV.GD.ZS,Palau,PLW,..,..,..,..,..,..,..,..,..,..,..,..,166122
Research and development expenditure (% of GDP),GB.XPD.RSDV.GD.ZS,Panama,PAN,..,0.383980006,0.249170005,0.195519999,0.208509997,0.206510007,0.195189998,..,..,..,..,..,530882810.2
Research and development expenditure (% of GDP),GB.XPD.RSDV.GD.ZS,Papua New Guinea,PNG,..,..,..,..,..,..,..,..,..,..,..,..,30638934
Research and development expenditure (% of GDP),GB.XPD.RSDV.GD.ZS,Paraguay,PRY,..,..,..,..,0.054719999,..,..,0.05483,..,..,..,..,32593956.89
Research and development expenditure (% of GDP),GB.XPD.RSDV.GD.ZS,Peru,PER,..,0.109300002,..,..,..,..,..,..,..,..,..,..,150675328.6
Research and development expenditure (% of GDP),GB.XPD.RSDV.GD.ZS,Philippines,PHL,..,..,..,0.109630004,..,..,..,..,..,..,..,..,22256786232
Research and development expenditure (% of GDP),GB.XPD.RSDV.GD.ZS,Poland,POL,..,0.644309998,0.555909991,0.567080021,0.604170024,0.674589992,0.735300004,0.764769971,0.899720013,..,..,..,6499314108
Research and development expenditure (% of GDP),GB.XPD.RSDV.GD.ZS,Portugal,PRT,..,0.727779984,0.986549973,1.165099978,1.503100038,1.640190005,1.590070009,1.522930026,1.495329976,..,..,..,2038707697
Research and development expenditure (% of GDP),GB.XPD.RSDV.GD.ZS,Puerto Rico,PRI,..,..,..,..,..,0.489459991,..,..,..,..,..,..,#DIV/0!
Research and development expenditure (% of GDP),GB.XPD.RSDV.GD.ZS,Qatar,QAT,..,..,..,..,..,..,..,..,..,..,..,..,2005630
Research and development expenditure (% of GDP),GB.XPD.RSDV.GD.ZS,Romania,ROM,..,0.365750015,0.454320014,0.523389995,0.579110026,0.470310003,0.460860014,0.500590026,0.488979995,..,..,..,2579569091
Research and development expenditure (% of GDP),GB.XPD.RSDV.GD.ZS,Russian Federation,RUS,..,1.049839973,1.072939992,1.116109967,1.044350028,1.251919985,1.130200028,1.093960047,1.118020058,..,..,..,5305632558
Research and development expenditure (% of GDP),GB.XPD.RSDV.GD.ZS,Rwanda,RWA,..,..,..,..,..,..,..,..,..,..,..,..,1575289.125
Research and development expenditure (% of GDP),GB.XPD.RSDV.GD.ZS,Samoa,WSM,..,..,..,..,..,..,..,..,..,..,..,..,115315.5
Research and development expenditure (% of GDP),GB.XPD.RSDV.GD.ZS,San Marino,SMR,..,..,..,..,..,..,..,..,..,..,..,..,#DIV/0!
Research and development expenditure (% of GDP),GB.XPD.RSDV.GD.ZS,Sao Tome and Principe,STP,..,..,..,..,..,..,..,..,..,..,..,..,37050.25
Research and development expenditure (% of GDP),GB.XPD.RSDV.GD.ZS,Saudi Arabia,SAU,..,..,0.04245,0.04521,0.04902,0.073380001,..,..,..,..,..,..,154063258.3
Research and development expenditure (% of GDP),GB.XPD.RSDV.GD.ZS,Senegal,SEN,..,..,..,..,0.368339986,..,0.540859997,..,..,..,..,..,26012089.78
Research and development expenditure (% of GDP),GB.XPD.RSDV.GD.ZS,Serbia,SRB,..,0.965610027,0.488929987,0.362390012,0.384810001,0.917069972,0.792129993,0.777440012,0.986800015,..,..,..,233968178.7
Research and development expenditure (% of GDP),GB.XPD.RSDV.GD.ZS,Seychelles,SYC,..,..,..,..,..,..,..,..,..,..,..,..,196993.75
Research and development expenditure (% of GDP),GB.XPD.RSDV.GD.ZS,Sierra Leone,SLE,..,..,..,..,..,..,..,..,..,..,..,..,324146
Research and development expenditure (% of GDP),GB.XPD.RSDV.GD.ZS,Singapore,SGP,..,1.851050019,2.164880037,2.364779949,2.643379927,2.200150013,2.053999901,2.229470015,2.096519947,..,..,..,1.15E+11
Research and development expenditure (% of GDP),GB.XPD.RSDV.GD.ZS,Sint Maarten (Dutch part),SXM,..,..,..,..,..,..,..,..,..,..,..,..,#DIV/0!
Research and development expenditure (% of GDP),GB.XPD.RSDV.GD.ZS,Slovak Republic,SVK,..,0.647970021,0.486620009,0.459939986,0.473439991,0.48251,0.633319974,0.679149985,0.823149979,..,..,..,3720353850
Research and development expenditure (% of GDP),GB.XPD.RSDV.GD.ZS,Slovenia,SVN,..,1.380869985,1.558109999,1.448140025,1.654929996,1.860299945,2.106240034,2.473619938,2.799520016,..,..,..,1196260015
Research and development expenditure (% of GDP),GB.XPD.RSDV.GD.ZS,Solomon Islands,SLB,..,..,..,..,..,..,..,..,..,..,..,..,115144.4
Research and development expenditure (% of GDP),GB.XPD.RSDV.GD.ZS,Somalia,SOM,..,..,..,..,..,..,..,..,..,..,..,..,#DIV/0!
Research and development expenditure (% of GDP),GB.XPD.RSDV.GD.ZS,South Africa,ZAF,..,..,0.934729993,0.923730016,0.932470024,0.870790005,0.761600018,..,..,..,..,..,1841721987
Research and development expenditure (% of GDP),GB.XPD.RSDV.GD.ZS,South Sudan,SSD,..,..,..,..,..,..,..,..,..,..,..,..,3394943
Research and development expenditure (% of GDP),GB.XPD.RSDV.GD.ZS,Spain,ESP,..,0.907909989,1.198850036,1.266890049,1.351490021,1.392850041,1.395200014,1.35563004,1.301419973,..,..,..,11400215283
Research and development expenditure (% of GDP),GB.XPD.RSDV.GD.ZS,Sri Lanka,LKA,..,0.143920004,0.174199998,..,0.114440002,..,0.156639993,..,..,..,..,..,78336910.33
Research and development expenditure (% of GDP),GB.XPD.RSDV.GD.ZS,St. Kitts and Nevis,KNA,..,..,..,..,..,..,..,..,..,..,..,..,150215
Research and development expenditure (% of GDP),GB.XPD.RSDV.GD.ZS,St. Lucia,LCA,..,..,..,..,..,..,..,..,..,..,..,..,2154820
Research and development expenditure (% of GDP),GB.XPD.RSDV.GD.ZS,St. Martin (French part),MAF,..,..,..,..,..,..,..,..,..,..,..,..,#DIV/0!
Research and development expenditure (% of GDP),GB.XPD.RSDV.GD.ZS,St. Vincent and the Grenadines,VCT,..,..,..,..,..,..,..,..,..,..,..,..,8209
Research and development expenditure (% of GDP),GB.XPD.RSDV.GD.ZS,Sudan,SDN,..,..,..,..,..,..,..,..,..,..,..,..,2451272.5
Research and development expenditure (% of GDP),GB.XPD.RSDV.GD.ZS,Suriname,SUR,..,..,..,..,..,..,..,..,..,..,..,..,2725183.857
Research and development expenditure (% of GDP),GB.XPD.RSDV.GD.ZS,Swaziland,SWZ,..,..,..,..,..,..,..,..,..,..,..,..,1338953.333
Research and development expenditure (% of GDP),GB.XPD.RSDV.GD.ZS,Sweden,SWE,..,..,3.684109926,3.434789896,3.695169926,3.616699934,3.391940117,3.387089968,3.406219959,..,..,..,16236069955
Research and development expenditure (% of GDP),GB.XPD.RSDV.GD.ZS,Switzerland,CHE,..,2.46875,..,..,2.870460033,..,..,..,..,..,..,..,40029712340
Research and development expenditure (% of GDP),GB.XPD.RSDV.GD.ZS,Syrian Arab Republic,SYR,..,..,..,..,..,..,..,..,..,..,..,..,41869168.17
Research and development expenditure (% of GDP),GB.XPD.RSDV.GD.ZS,Tajikistan,TJK,..,..,0.107320003,0.067780003,0.06983,0.085770003,0.089139998,0.121480003,..,..,..,..,37103000
Research and development expenditure (% of GDP),GB.XPD.RSDV.GD.ZS,Tanzania,TZA,..,..,..,0.43441999,..,..,0.516160011,..,..,..,..,..,26579822.22
Research and development expenditure (% of GDP),GB.XPD.RSDV.GD.ZS,Thailand,THA,..,0.252020001,0.249190003,0.213780001,..,0.250559986,..,..,..,..,..,..,29869311786
Research and development expenditure (% of GDP),GB.XPD.RSDV.GD.ZS,Timor-Leste,TMP,..,..,..,..,..,..,..,..,..,..,..,..,1906777
Research and development expenditure (% of GDP),GB.XPD.RSDV.GD.ZS,Togo,TGO,..,..,..,..,..,..,0.253490001,..,..,..,..,..,424237.5
Research and development expenditure (% of GDP),GB.XPD.RSDV.GD.ZS,Tonga,TON,..,..,..,..,..,..,..,..,..,..,..,..,25455.66667
Research and development expenditure (% of GDP),GB.XPD.RSDV.GD.ZS,Trinidad and Tobago,TTO,..,0.126139998,0.055259999,0.04589,0.030719999,0.056650002,0.051369999,0.043480001,..,..,..,..,23724880.83
Research and development expenditure (% of GDP),GB.XPD.RSDV.GD.ZS,Tunisia,TUN,..,0.414499998,0.955060005,1.004719973,1.034100056,1.102180004,..,..,..,..,..,..,544799868.3
Research and development expenditure (% of GDP),GB.XPD.RSDV.GD.ZS,Turkey,TUR,..,0.479090005,0.580160022,0.722410023,0.72517997,0.849020004,0.843429983,0.859520018,..,..,..,..,1648113817
Research and development expenditure (% of GDP),GB.XPD.RSDV.GD.ZS,Turkmenistan,TKM,..,..,..,..,..,..,..,..,..,..,..,..,8537806
Research and development expenditure (% of GDP),GB.XPD.RSDV.GD.ZS,Turks and Caicos Islands,TCA,..,..,..,..,..,..,..,..,..,..,..,..,184179.2857
Research and development expenditure (% of GDP),GB.XPD.RSDV.GD.ZS,Tuvalu,TUV,..,..,..,..,..,..,..,..,..,..,..,..,#DIV/0!
Research and development expenditure (% of GDP),GB.XPD.RSDV.GD.ZS,Uganda,UGA,..,..,0.300330013,0.388209999,0.326319993,0.411579996,0.557940006,..,..,..,..,..,46832309.33
Research and development expenditure (% of GDP),GB.XPD.RSDV.GD.ZS,Ukraine,UKR,..,0.96213001,0.94907999,0.853190005,0.846440017,0.856440008,0.830980003,0.736620009,..,..,..,..,1546706677
Research and development expenditure (% of GDP),GB.XPD.RSDV.GD.ZS,United Arab Emirates,ARE,..,..,..,..,..,..,..,0.489109993,..,..,..,..,59494670.29
Research and development expenditure (% of GDP),GB.XPD.RSDV.GD.ZS,United Kingdom,GBR,..,1.794880033,1.719409943,1.750609994,1.75375998,1.824769974,1.774479985,1.781450033,1.721079946,..,..,..,64274152289
Research and development expenditure (% of GDP),GB.XPD.RSDV.GD.ZS,United States,USA,..,2.619250059,2.549649954,2.626440048,2.76651001,2.815939903,2.738270044,2.762639999,2.791970015,..,..,..,1.75E+11
Research and development expenditure (% of GDP),GB.XPD.RSDV.GD.ZS,Uruguay,URY,..,0.209250003,0.359189987,0.399479985,0.362650007,0.442669988,0.409640014,0.430510014,..,..,..,..,100065248.8
Research and development expenditure (% of GDP),GB.XPD.RSDV.GD.ZS,Uzbekistan,UZB,..,..,..,..,..,..,..,..,..,..,..,..,#DIV/0!
Research and development expenditure (% of GDP),GB.XPD.RSDV.GD.ZS,Vanuatu,VUT,..,..,..,..,..,..,..,..,..,..,..,..,727217.5
Research and development expenditure (% of GDP),GB.XPD.RSDV.GD.ZS,"Venezuela, RB",VEN,..,..,..,..,..,..,..,..,..,..,..,..,70627099.63
Research and development expenditure (% of GDP),GB.XPD.RSDV.GD.ZS,Vietnam,VNM,..,..,..,..,..,..,..,..,..,..,..,..,7256066236
Research and development expenditure (% of GDP),GB.XPD.RSDV.GD.ZS,Virgin Islands (U.S.),VIR,..,..,..,..,..,..,..,..,..,..,..,..,#DIV/0!
Research and development expenditure (% of GDP),GB.XPD.RSDV.GD.ZS,West Bank and Gaza,WBG,..,..,..,..,..,..,..,..,..,..,..,..,534734.5556
Research and development expenditure (% of GDP),GB.XPD.RSDV.GD.ZS,"Yemen, Rep.",YEM,..,..,..,..,..,..,..,..,..,..,..,..,773174.125
Research and development expenditure (% of GDP),GB.XPD.RSDV.GD.ZS,Zambia,ZMB,..,..,..,..,0.340330005,..,..,..,..,..,..,..,38591555.44
Research and development expenditure (% of GDP),GB.XPD.RSDV.GD.ZS,Zimbabwe,ZWE,..,..,..,..,..,..,..,..,..,..,..,..,44286879.78
,,,,,,,,,,,,,,,,
,,,,,,,,,,,,,,,,
,,,,,,,,,,,,,,,,
Data from database: World Development Indicators,,,,,,,,,,,,,,,,
Last Updated: 11/12/2015,,,,,,,,,,,,,,,,